
Pepe	pepeelmejor	pepe@gmail.com	

Casemiro	Nosequeponer	case@hotmial.com	

German123	chupaelperro	GermanGarmendia@gmail.com	

Pedro	pedroelmejor	pedro@gmail.com	

josemario	perroperro	josemario@gmail.com	

pepe	peperoro	pepepero@hotmaol.cpm	

sebmorales	1234	sebmoralesr@gmail.com	

